<response>
<header>
<resultCode>0000</resultCode>
<resultMsg>OK</resultMsg>
</header>
<body>
<items>
<item>
<baseDate>20190729</baseDate>
<baseTime>0930</baseTime>
<category>UUU</category>
<fcstDate>20190729</fcstDate>
<fcstTime>1200</fcstTime>
<fcstValue>0.7</fcstValue>
<nx>60</nx>
<ny>127</ny>
</item>
<item>
<baseDate>20190729</baseDate>
<baseTime>0930</baseTime>
<category>VVV</category>
<fcstDate>20190729</fcstDate>
<fcstTime>1000</fcstTime>
<fcstValue>2.5</fcstValue>
<nx>60</nx>
<ny>127</ny>
</item>
<item>
<baseDate>20190729</baseDate>
<baseTime>0930</baseTime>
<category>VVV</category>
<fcstDate>20190729</fcstDate>
<fcstTime>1100</fcstTime>
<fcstValue>2.9</fcstValue>
<nx>60</nx>
<ny>127</ny>
</item>
<item>
<baseDate>20190729</baseDate>
<baseTime>0930</baseTime>
<category>VVV</category>
<fcstDate>20190729</fcstDate>
<fcstTime>1200</fcstTime>
<fcstValue>3.3</fcstValue>
<nx>60</nx>
<ny>127</ny>
</item>
<item>
<baseDate>20190729</baseDate>
<baseTime>0930</baseTime>
<category>VEC</category>
<fcstDate>20190729</fcstDate>
<fcstTime>1000</fcstTime>
<fcstValue>182</fcstValue>
<nx>60</nx>
<ny>127</ny>
</item>
<item>
<baseDate>20190729</baseDate>
<baseTime>0930</baseTime>
<category>VEC</category>
<fcstDate>20190729</fcstDate>
<fcstTime>1100</fcstTime>
<fcstValue>188</fcstValue>
<nx>60</nx>
<ny>127</ny>
</item>
<item>
<baseDate>20190729</baseDate>
<baseTime>0930</baseTime>
<category>VEC</category>
<fcstDate>20190729</fcstDate>
<fcstTime>1200</fcstTime>
<fcstValue>192</fcstValue>
<nx>60</nx>
<ny>127</ny>
</item>
<item>
<baseDate>20190729</baseDate>
<baseTime>0930</baseTime>
<category>WSD</category>
<fcstDate>20190729</fcstDate>
<fcstTime>1000</fcstTime>
<fcstValue>2.5</fcstValue>
<nx>60</nx>
<ny>127</ny>
</item>
<item>
<baseDate>20190729</baseDate>
<baseTime>0930</baseTime>
<category>WSD</category>
<fcstDate>20190729</fcstDate>
<fcstTime>1100</fcstTime>
<fcstValue>2.9</fcstValue>
<nx>60</nx>
<ny>127</ny>
</item>
<item>
<baseDate>20190729</baseDate>
<baseTime>0930</baseTime>
<category>WSD</category>
<fcstDate>20190729</fcstDate>
<fcstTime>1200</fcstTime>
<fcstValue>3.4</fcstValue>
<nx>60</nx>
<ny>127</ny>
</item>
</items>
<numOfRows>10</numOfRows>
<pageNo>3</pageNo>
<totalCount>30</totalCount>
</body>
</response>