{"response":{"header":{"resultCode":"0000","resultMsg":"OK"},"body":{"items":{"item":[{"baseDate":20190729,"baseTime":"0930","category":"LGT","fcstDate":20190729,"fcstTime":1000,"fcstValue":0,"nx":60,"ny":127},{"baseDate":20190729,"baseTime":"0930","category":"LGT","fcstDate":20190729,"fcstTime":1100,"fcstValue":0,"nx":60,"ny":127},{"baseDate":20190729,"baseTime":"0930","category":"LGT","fcstDate":20190729,"fcstTime":1200,"fcstValue":0,"nx":60,"ny":127},{"baseDate":20190729,"baseTime":"0930","category":"PTY","fcstDate":20190729,"fcstTime":1000,"fcstValue":0,"nx":60,"ny":127},{"baseDate":20190729,"baseTime":"0930","category":"PTY","fcstDate":20190729,"fcstTime":1100,"fcstValue":0,"nx":60,"ny":127},{"baseDate":20190729,"baseTime":"0930","category":"PTY","fcstDate":20190729,"fcstTime":1200,"fcstValue":0,"nx":60,"ny":127},{"baseDate":20190729,"baseTime":"0930","category":"RN1","fcstDate":20190729,"fcstTime":1000,"fcstValue":0,"nx":60,"ny":127},{"baseDate":20190729,"baseTime":"0930","category":"RN1","fcstDate":20190729,"fcstTime":1100,"fcstValue":0,"nx":60,"ny":127},{"baseDate":20190729,"baseTime":"0930","category":"RN1","fcstDate":20190729,"fcstTime":1200,"fcstValue":0,"nx":60,"ny":127},{"baseDate":20190729,"baseTime":"0930","category":"SKY","fcstDate":20190729,"fcstTime":1000,"fcstValue":4,"nx":60,"ny":127},{"baseDate":20190729,"baseTime":"0930","category":"SKY","fcstDate":20190729,"fcstTime":1100,"fcstValue":4,"nx":60,"ny":127},{"baseDate":20190729,"baseTime":"0930","category":"SKY","fcstDate":20190729,"fcstTime":1200,"fcstValue":4,"nx":60,"ny":127},{"baseDate":20190729,"baseTime":"0930","category":"T1H","fcstDate":20190729,"fcstTime":1000,"fcstValue":27,"nx":60,"ny":127},{"baseDate":20190729,"baseTime":"0930","category":"T1H","fcstDate":20190729,"fcstTime":1100,"fcstValue":28,"nx":60,"ny":127},{"baseDate":20190729,"baseTime":"0930","category":"T1H","fcstDate":20190729,"fcstTime":1200,"fcstValue":28,"nx":60,"ny":127},{"baseDate":20190729,"baseTime":"0930","category":"REH","fcstDate":20190729,"fcstTime":1000,"fcstValue":80,"nx":60,"ny":127},{"baseDate":20190729,"baseTime":"0930","category":"REH","fcstDate":20190729,"fcstTime":1100,"fcstValue":80,"nx":60,"ny":127},{"baseDate":20190729,"baseTime":"0930","category":"REH","fcstDate":20190729,"fcstTime":1200,"fcstValue":75,"nx":60,"ny":127},{"baseDate":20190729,"baseTime":"0930","category":"UUU","fcstDate":20190729,"fcstTime":1000,"fcstValue":0.1,"nx":60,"ny":127},{"baseDate":20190729,"baseTime":"0930","category":"UUU","fcstDate":20190729,"fcstTime":1100,"fcstValue":0.4,"nx":60,"ny":127},{"baseDate":20190729,"baseTime":"0930","category":"UUU","fcstDate":20190729,"fcstTime":1200,"fcstValue":0.7,"nx":60,"ny":127},{"baseDate":20190729,"baseTime":"0930","category":"VVV","fcstDate":20190729,"fcstTime":1000,"fcstValue":2.5,"nx":60,"ny":127},{"baseDate":20190729,"baseTime":"0930","category":"VVV","fcstDate":20190729,"fcstTime":1100,"fcstValue":2.9,"nx":60,"ny":127},{"baseDate":20190729,"baseTime":"0930","category":"VVV","fcstDate":20190729,"fcstTime":1200,"fcstValue":3.3,"nx":60,"ny":127},{"baseDate":20190729,"baseTime":"0930","category":"VEC","fcstDate":20190729,"fcstTime":1000,"fcstValue":182,"nx":60,"ny":127},{"baseDate":20190729,"baseTime":"0930","category":"VEC","fcstDate":20190729,"fcstTime":1100,"fcstValue":188,"nx":60,"ny":127},{"baseDate":20190729,"baseTime":"0930","category":"VEC","fcstDate":20190729,"fcstTime":1200,"fcstValue":192,"nx":60,"ny":127},{"baseDate":20190729,"baseTime":"0930","category":"WSD","fcstDate":20190729,"fcstTime":1000,"fcstValue":2.5,"nx":60,"ny":127},{"baseDate":20190729,"baseTime":"0930","category":"WSD","fcstDate":20190729,"fcstTime":1100,"fcstValue":2.9,"nx":60,"ny":127},{"baseDate":20190729,"baseTime":"0930","category":"WSD","fcstDate":20190729,"fcstTime":1200,"fcstValue":3.4,"nx":60,"ny":127}]},"numOfRows":30,"pageNo":1,"totalCount":30}}}